Node_0,Node_1,Node_2,Node_3,Node_4,Node_5,Node_6,Node_7,Node_8,Node_9,Node_10,Node_11,Node_12,Node_13,Node_14,Node_15,Node_16,Node_17,Node_18,Node_19,Node_20,Node_21,Node_22,Node_23,FRI,DRI
0.0010000000474974513,0.0,1284.3504638671875,0.0020000000949949026,1284.4644775390625,0.0,75.48300170898438,4.4029998779296875,511.1455078125,20.79400062561035,0.7944999933242798,2.1110000610351562,61.528499603271484,17.01300048828125,2.137500047683716,3.9655001163482666,47.24800109863281,54.278499603271484,34.356998443603516,16.371000289916992,110.15699768066406,70.64749908447266,1501.4794921875,20.770999908447266,-0.7617478370666504,0.9092972278594971
0.003000000026077032,0.0,3853.05126953125,0.006000000052154064,3853.3935546875,0.0,226.44900512695312,13.208999633789062,1533.4365234375,62.38200378417969,2.383500099182129,6.333000183105469,184.5854949951172,51.03900146484375,6.412500381469727,11.896500587463379,141.74400329589844,162.8354949951172,103.07099914550781,49.112998962402344,330.47100830078125,211.9425048828125,4504.4384765625,62.3129997253418,-2.6589715480804443,2.3384006023406982
0.0020000000367872417,0.0,2568.7008666992188,0.004000000073574483,2568.9290161132812,0.0,150.96600341796875,8.805999755859375,1022.291015625,41.58800220489502,1.5890000462532043,4.2220001220703125,123.05699729919434,34.0260009765625,4.275000214576721,7.931000351905823,94.49600219726562,108.55699729919434,68.71399879455566,32.74199962615967,220.31400299072266,141.29500198364258,3002.958984375,41.54199981689453,-1.7125229835510254,1.6214014291763306
