Node_0,Node_1,Node_2,Node_3,Node_4,Node_5,Node_6,Node_7,Node_8,Node_9,Node_10,Node_11,Node_12,Node_13,Node_14,Node_15,Node_16,Node_17,FRI,DRI
21.75950050354004,31.099000930786133,13.429499626159668,34.58150100708008,4.236499786376953,0.35600000619888306,31.583999633789062,2.2864999771118164,0.3345000147819519,0.2070000022649765,0.33000001311302185,0.8220000267028809,2.5425000190734863,52.063499450683594,42.29050064086914,0.003000000026077032,107.80650329589844,0.29249998927116394,0.09863302111625671,0.28095558285713196
65.27850341796875,93.29700469970703,40.28849792480469,103.7445068359375,12.70949935913086,1.068000078201294,94.75199890136719,6.859499931335449,1.003499984741211,0.6209999918937683,0.9900000095367432,2.4660000801086426,7.627500057220459,156.19049072265625,126.87150573730469,0.008999999612569809,323.41949462890625,0.8774999380111694,-0.07901455461978912,0.3875078558921814
43.519001960754395,62.19800281524658,26.858998775482178,69.16300392150879,8.472999572753906,0.7120000422000885,63.167999267578125,4.572999954223633,0.6689999997615814,0.4139999970793724,0.6600000113248825,1.6440000534057617,5.085000038146973,104.12699508666992,84.58100318908691,0.0059999998193234205,215.61299896240234,0.5849999636411667,0.012529689818620682,0.3326755464076996
