Node_0,Node_1,Node_2,Node_3,Node_4,Node_5,Node_6,Node_7,Node_8,Node_9,Node_10,Node_11,Node_12,Node_13,Node_14,Node_15,FRI,DRI
24.52050018310547,0.04600000008940697,0.0005000000237487257,0.05550000071525574,0.1770000010728836,7.311999797821045,7.227499961853027,0.0729999989271164,0.5609999895095825,1.7879999876022339,0.6639999747276306,0.2630000114440918,0.12300000339746475,1.63100004196167,58.38349914550781,46.625,0.10650945454835892,0.2708509564399719
73.5615005493164,0.1379999965429306,0.001500000013038516,0.1665000021457672,0.531000018119812,21.935998916625977,21.682498931884766,0.21899999678134918,1.6829999685287476,5.363999843597412,1.991999864578247,0.7890000343322754,0.36900001764297485,4.89300012588501,175.15049743652344,139.875,0.03008176013827324,0.33768194913864136
49.04100036621094,0.09199999831616879,0.0010000000183936208,0.11100000143051147,0.3540000095963478,14.62399935722351,14.454999446868896,0.1459999978542328,1.121999979019165,3.575999915599823,1.3279999196529388,0.5260000228881836,0.2460000105202198,3.26200008392334,116.76699829101562,93.25,0.0740395039319992,0.3050592541694641
