Node_0,Node_1,Node_2,Node_3,Node_4,Node_5,Node_6,Node_7,Node_8,Node_9,Node_10,Node_11,Node_12,Node_13,Node_14,Node_15,Node_16,Node_17,FRI,DRI
118.04399871826172,119.51599884033203,2.5164999961853027,5.938499927520752,6.171999931335449,3.859499931335449,2.3469998836517334,6.101500034332275,1.1634999513626099,2.617000102996826,37.041500091552734,2.808000087738037,1118.0849609375,5.005499839782715,19.753000259399414,180.02699279785156,1084.490966796875,2.945499897003174,-0.3703722357749939,0.6028115153312683
354.1319885253906,358.5480041503906,7.549499988555908,17.815500259399414,18.51599884033203,11.578499794006348,7.040999412536621,18.304500579833984,3.490499973297119,7.8510003089904785,111.12449645996094,8.423999786376953,3354.2548828125,15.016499519348145,59.259002685546875,540.0809936523438,3253.472900390625,8.83650016784668,-1.4161194562911987,1.3950111865997314
236.08799362182617,239.03200149536133,5.0329999923706055,11.877000093460083,12.34399938583374,7.718999862670898,4.693999648094177,12.20300030708313,2.3269999623298645,5.234000205993652,74.08299827575684,5.615999937057495,2236.169921875,10.01099967956543,39.506001472473145,360.05399322509766,2168.98193359375,5.891000032424927,-0.8980331420898438,0.9941840767860413
