Node_0,Node_1,Node_2,Node_3,Node_4,Node_5,Node_6,Node_7,Node_8,Node_9,Node_10,Node_11,Node_12,Node_13,Node_14,Node_15,Node_16,Node_17,FRI,DRI
0.6104999780654907,1.2424999475479126,0.38199999928474426,0.3700000047683716,0.9605000019073486,1.7085000276565552,34.69049835205078,0.5095000267028809,0.8040000200271606,0.48500001430511475,1238.553955078125,0.42649999260902405,9.954000473022461,0.42250001430511475,0.815500020980835,1.8009999990463257,1.7929999828338623,2.617500066757202,-0.2866819202899933,0.5208438634872437
1.8314999341964722,3.7274999618530273,1.1460000276565552,1.1100000143051147,2.881500005722046,5.125500202178955,104.07149505615234,1.5285000801086426,2.4120001792907715,1.4550000429153442,3715.661865234375,1.2795000076293945,29.862001419067383,1.2675000429153442,2.446500062942505,5.4029998779296875,5.378999710083008,7.852499961853027,-1.1158547401428223,1.170154094696045
1.2209999561309814,2.48499995470047,0.7640000134706497,0.7400000095367432,1.9210000038146973,3.417000114917755,69.38099670410156,1.0190000534057617,1.608000099658966,0.9700000286102295,2477.10791015625,0.8530000001192093,19.908000946044922,0.8450000286102295,1.63100004196167,3.6019999384880066,3.585999846458435,5.235000014305115,-0.7002437114715576,0.8485244512557983
