Node_0,Node_1,Node_2,Node_3,Node_4,Node_5,Node_6,Node_7,Node_8,Node_9,Node_10,Node_11,Node_12,Node_13,Node_14,Node_15,Node_16,Node_17,FRI,DRI
81.51200103759766,14.646499633789062,7.886499881744385,8.866999626159668,204.13949584960938,13.044500350952148,10.370499610900879,2.253499984741211,7.1519999504089355,20.719499588012695,7.958499908447266,118.93199920654297,6.623499870300293,9.549500465393066,95.99349975585938,145.53599548339844,2.385999917984009,4.44350004196167,-0.04937469959259033,0.3697676956653595
244.5360107421875,43.93949890136719,23.659500122070312,26.600997924804688,612.41845703125,39.13349914550781,31.111499786376953,6.760499954223633,21.45599937438965,62.15850067138672,23.875499725341797,356.7959899902344,19.870498657226562,28.648502349853516,287.9804992675781,436.60797119140625,7.1579999923706055,13.330499649047852,-0.538196325302124,0.7167115807533264
163.02400588989258,29.292999267578125,15.773000001907349,17.733998775482178,408.2789764404297,26.08899974822998,20.740999698638916,4.506999969482422,14.303999662399292,41.43900012969971,15.916999816894531,237.86399459838867,13.246999263763428,19.09900140762329,191.98699951171875,291.07198333740234,4.771999955177307,8.88699984550476,-0.2932199537754059,0.5400384068489075
