Node_0,Node_1,Node_2,Node_3,Node_4,Node_5,Node_6,Node_7,Node_8,Node_9,Node_10,Node_11,Node_12,Node_13,Node_14,Node_15,Node_16,Node_17,Node_18,Node_19,Node_20,Node_21,Node_22,Node_23,FRI,DRI
148.62249755859375,0.8849999904632568,42.936500549316406,0.33399999141693115,1.3634999990463257,9.637499809265137,0.41200000047683716,0.6664999723434448,28.03499984741211,2.380500078201294,0.6269999742507935,32.97549819946289,1.1384999752044678,1.6540000438690186,3.3570001125335693,24.583499908447266,1.2625000476837158,27.190500259399414,0.40700000524520874,19.425500869750977,3.7909998893737793,3.8289999961853027,1.2144999504089355,33.83449935913086,0.1298147737979889,0.2642791271209717
445.86749267578125,2.6549999713897705,128.80950927734375,1.0019999742507935,4.0904998779296875,28.912498474121094,1.2360000610351562,1.9994999170303345,84.10499572753906,7.141500473022461,1.8809999227523804,98.92649841308594,3.4154999256134033,4.961999893188477,10.071000099182129,73.75050354003906,3.7875001430511475,81.57150268554688,1.2209999561309814,58.27650451660156,11.37299919128418,11.48699951171875,3.6434998512268066,101.50349426269531,0.022454624995589256,0.33202290534973145
297.2449951171875,1.7699999809265137,85.87300491333008,0.6679999828338623,2.7269999384880066,19.274999141693115,0.8240000307559967,1.3329999446868896,56.069997787475586,4.761000275611877,1.253999948501587,65.95099830627441,2.2769999504089355,3.3079999685287476,6.714000105857849,49.167001724243164,2.5250000953674316,54.381001472473145,0.8139999806880951,38.85100269317627,7.5819995403289795,7.657999753952026,2.428999900817871,67.66899681091309,0.08493302017450333,0.29736730456352234
