Node_0,Node_1,Node_2,Node_3,Node_4,Node_5,Node_6,Node_7,Node_8,Node_9,Node_10,Node_11,Node_12,Node_13,Node_14,Node_15,Node_16,Node_17,Node_18,Node_19,FRI,DRI
14.057499885559082,17.79050064086914,16.894500732421875,13.680500030517578,3.2639999389648438,0.9394999742507935,183.43299865722656,1.7960000038146973,14.025500297546387,3.3515000343322754,1.3350000381469727,3.0439999103546143,1333.6175537109375,1.7400000095367432,2.138000011444092,2.2664999961853027,0.796999990940094,1.506500005722046,106.21399688720703,1348.843505859375,-0.37157079577445984,0.5997018218040466
42.17250061035156,53.37150192260742,50.683502197265625,41.041500091552734,9.791999816894531,2.81850004196167,550.2990112304688,5.388000011444092,42.076499938964844,10.054500579833984,4.005000114440918,9.131999969482422,4000.8525390625,5.220000267028809,6.414000034332275,6.799499988555908,2.3910000324249268,4.519499778747559,318.6419982910156,4046.530517578125,-1.4528919458389282,1.4119919538497925
28.115000247955322,35.58100128173828,33.78900146484375,27.361000061035156,6.5279998779296875,1.8790000081062317,366.86600494384766,3.5920000076293945,28.051000118255615,6.70300030708313,2.6700000762939453,6.087999939918518,2667.2350463867188,3.480000138282776,4.276000022888184,4.5329999923706055,1.5940000116825104,3.0129998922348022,212.42799758911133,2697.68701171875,-0.9095290899276733,1.0005050897598267
