Node_0,Node_1,Node_2,Node_3,Node_4,Node_5,Node_6,Node_7,Node_8,Node_9,Node_10,Node_11,Node_12,Node_13,Node_14,Node_15,Node_16,Node_17,FRI,DRI
9.934499740600586,66.95899963378906,30.34749984741211,273.843505859375,7.3454999923706055,8.13599967956543,7.234000205993652,118.29199981689453,126.23650360107422,9.001999855041504,7.2170000076293945,6.793499946594238,63.02399826049805,8.084500312805176,6.5929999351501465,8.190999984741211,4.6479997634887695,4.864500045776367,-0.04430258274078369,0.3698177933692932
29.803499221801758,200.8769989013672,91.04249572753906,821.530517578125,22.0364990234375,24.40799903869629,21.70199966430664,354.8760070800781,378.7095031738281,27.006000518798828,21.6510009765625,20.38050079345703,189.07199096679688,24.253501892089844,19.77899932861328,24.572999954223633,13.943999290466309,14.593500137329102,-0.5160574913024902,0.7002166509628296
19.868999481201172,133.91799926757812,60.694997787475586,547.68701171875,14.690999507904053,16.27199935913086,14.467999935150146,236.58400344848633,252.47300338745117,18.004000186920166,14.434000492095947,13.587000370025635,126.04799461364746,16.16900110244751,13.185999631881714,16.381999969482422,9.295999526977539,9.729000091552734,-0.2783357501029968,0.53347247838974
