Node_0,Node_1,Node_2,Node_3,Node_4,Node_5,Node_6,Node_7,Node_8,Node_9,Node_10,Node_11,Node_12,Node_13,Node_14,Node_15,Node_16,Node_17,Node_18,Node_19,Node_20,Node_21,Node_22,Node_23,Node_24,Node_25,Node_26,Node_27,Node_28,Node_29,Node_30,Node_31,FRI,DRI
29.37849998474121,4270.59912109375,1282.5789794921875,1.4900000095367432,2.130500078201294,1424.5810546875,1.6744999885559082,0.28999999165534973,1.718000054359436,1.628999948501587,0.24300000071525574,4.144499778747559,0.2554999887943268,10.103500366210938,0.6480000019073486,6.560500144958496,0.659500002861023,0.7310000061988831,1.7940000295639038,0.6855000257492065,34.15850067138672,6.202000141143799,0.12250000238418579,0.9290000200271606,0.8220000267028809,12.13700008392334,31.8075008392334,30.877500534057617,0.7885000109672546,0.8355000019073486,0.7074999809265137,0.25949999690055847,-1.1245536804199219,1.200585126876831
88.135498046875,12811.796875,3847.73681640625,4.470000267028809,6.391500473022461,4273.7431640625,5.023499965667725,0.8700000047683716,5.154000282287598,4.88700008392334,0.7289999723434448,12.433499336242676,0.7664999961853027,30.310501098632812,1.944000005722046,19.681499481201172,1.9785000085830688,2.193000078201294,5.381999969482422,2.05649995803833,102.47550201416016,18.606000900268555,0.3675000071525574,2.7870001792907715,2.4660000801086426,36.4109992980957,95.42250061035156,92.63249969482422,2.365499973297119,2.506500005722046,2.122499942779541,0.778499960899353,-3.6981165409088135,3.142057180404663
58.756999015808105,8541.197998046875,2565.1578979492188,2.980000138282776,4.261000275611877,2849.162109375,3.3489999771118164,0.5799999982118607,3.436000168323517,3.2580000162124634,0.4859999865293503,8.288999557495117,0.5109999924898148,20.207000732421875,1.2960000038146973,13.120999813079834,1.319000005722046,1.4620000422000885,3.587999999523163,1.3709999918937683,68.31700134277344,12.404000520706177,0.24500000476837158,1.858000099658966,1.6440000534057617,24.27399969100952,63.61500072479248,61.75500011444092,1.576999992132187,1.6710000038146973,1.4149999618530273,0.5189999788999557,-2.406294345855713,2.167989492416382
