Node_0,Node_1,Node_2,Node_3,Node_4,Node_5,Node_6,Node_7,Node_8,Node_9,Node_10,Node_11,Node_12,Node_13,Node_14,Node_15,Node_16,Node_17,FRI,DRI
4.729499816894531,4.357999801635742,2.0445001125335693,1.8335000276565552,0.5260000228881836,11.501500129699707,4.203999996185303,1.4930000305175781,1.1035000085830688,11.364500045776367,39.3484992980957,9.185500144958496,1.218000054359436,3.2964999675750732,6.358500003814697,0.6370000243186951,2.061500072479248,1.9385000467300415,0.1096140518784523,0.2563764750957489
14.188499450683594,13.073999404907227,6.133500099182129,5.500500202178955,1.5780000686645508,34.50450134277344,12.61199951171875,4.479000091552734,3.310500144958496,34.09349822998047,118.04550170898438,27.556499481201172,3.6540002822875977,9.88949966430664,19.07550048828125,1.9110000133514404,6.184500217437744,5.815500259399414,0.06690073013305664,0.2764226198196411
9.458999633789062,8.715999603271484,4.089000105857849,3.667000114917755,1.0520000457763672,23.003000736236572,8.407999753952026,2.9860000610351562,2.2070000767707825,22.728999137878418,78.69700050354004,18.370999813079834,2.436000168323517,6.592999815940857,12.717000246047974,1.2740000188350677,4.123000144958496,3.877000153064728,0.0928863137960434,0.2591783106327057
