Node_0,Node_1,Node_2,Node_3,Node_4,Node_5,Node_6,Node_7,Node_8,Node_9,Node_10,Node_11,Node_12,Node_13,Node_14,Node_15,Node_16,Node_17,Node_18,Node_19,Node_20,Node_21,Node_22,Node_23,FRI,DRI
4.326000213623047,0.09650000184774399,0.9829999804496765,97.72699737548828,0.4244999885559082,0.13349999487400055,0.37950000166893005,0.8220000267028809,2.2890000343322754,14.534000396728516,0.1145000010728836,1.8535000085830688,1.2309999465942383,0.15950000286102295,5.4730000495910645,0.9380000233650208,1.527500033378601,1.1150000095367432,0.5320000052452087,0.16949999332427979,8.10200023651123,0.8934999704360962,0.8619999885559082,6.125500202178955,0.11020171642303467,0.24971894919872284
12.97800064086914,0.28949999809265137,2.9489998817443848,293.1809997558594,1.2734999656677246,0.40049999952316284,1.1384999752044678,2.4660000801086426,6.867000102996826,43.60200119018555,0.343500018119812,5.560500144958496,3.692999839782715,0.47850000858306885,16.41900062561035,2.814000129699707,4.582499980926514,3.3450000286102295,1.5959999561309814,0.5084999799728394,24.305999755859375,2.680500030517578,2.5859999656677246,18.376501083374023,0.06474539637565613,0.29449644684791565
8.652000427246094,0.19299999997019768,1.9659999310970306,195.45399856567383,0.8489999771118164,0.2669999971985817,0.7589999884366989,1.6440000534057617,4.578000068664551,29.06800079345703,0.2290000095963478,3.7070000767707825,2.4619998931884766,0.3190000057220459,10.946000337600708,1.876000076532364,3.0550000071525574,2.2300000190734863,1.063999980688095,0.33899998664855957,16.203999996185303,1.7870000004768372,1.7239999771118164,12.25100064277649,0.09427865594625473,0.27213987708091736
