Node_0,Node_1,Node_2,Node_3,Node_4,Node_5,Node_6,Node_7,Node_8,Node_9,Node_10,Node_11,Node_12,Node_13,Node_14,Node_15,Node_16,Node_17,Node_18,Node_19,FRI,DRI
225.91600036621094,31.0674991607666,15.635499954223633,49.55149841308594,12.191499710083008,113.91000366210938,11.211999893188477,949.2459716796875,12.229999542236328,12.581999778747559,42.20949935913086,58.47600173950195,8.718000411987305,1008.6279907226562,8.112000465393066,22.694000244140625,100.58499908447266,185.37249755859375,143.57049560546875,1806.8885498046875,-1.169313907623291,1.2070554494857788
677.7479858398438,93.20249938964844,46.90650177001953,148.6544952392578,36.574501037597656,341.7300109863281,33.63600158691406,2847.73779296875,36.689998626708984,37.74599838256836,126.62849426269531,175.42800903320312,26.154001235961914,3025.884033203125,24.336002349853516,68.08200073242188,301.7550048828125,556.1174926757812,430.71148681640625,5420.66552734375,-3.892127275466919,3.2614963054656982
451.83199310302734,62.13499927520752,31.271000862121582,99.10299682617188,24.383000373840332,227.82000732421875,22.42400074005127,1898.4918823242188,24.459999084472656,25.16399908065796,84.41899681091309,116.95200538635254,17.43600082397461,2017.2560119628906,16.22400140762329,45.38800048828125,201.17000198364258,370.7449951171875,287.1409912109375,3613.7770385742188,-2.5314745903015137,2.2322943210601807
