Node_0,Node_1,Node_2,Node_3,FRI,DRI
1.4670000076293945,0.1274999976158142,5.797500133514404,1.277999997138977,0.11666575819253922,0.23377588391304016
