Node_0,Node_1,Node_2,Node_3,Node_4,Node_5,Node_6,Node_7,Node_8,Node_9,Node_10,Node_11,Node_12,Node_13,Node_14,Node_15,Node_16,Node_17,Node_18,Node_19,Node_20,Node_21,Node_22,Node_23,Node_24,Node_25,Node_26,Node_27,Node_28,Node_29,FRI,DRI
11.785499572753906,5.190000057220459,119.02799987792969,130.8885040283203,101.00050354003906,0.6504999995231628,133.47300720214844,0.19050000607967377,5.501500129699707,841.3380126953125,146.0760040283203,132.51199340820312,835.1389770507812,0.42100000381469727,134.09500122070312,78.0719985961914,0.4690000116825104,12.825499534606934,69.87799835205078,1.7549999952316284,3.0334999561309814,1.281999945640564,0.38999998569488525,1.6430000066757202,0.1679999977350235,5.1585001945495605,0.4645000100135803,4.934500217437744,1.6410000324249268,18.166500091552734,-0.3753843605518341,0.6121500730514526
35.35649871826172,15.569999694824219,357.083984375,392.66552734375,303.00152587890625,1.9514999389648438,400.41900634765625,0.5715000033378601,16.504501342773438,2524.01416015625,438.22802734375,397.5359802246094,2505.4169921875,1.2630000114440918,402.2850036621094,234.21600341796875,1.4070000648498535,38.476497650146484,209.63400268554688,5.264999866485596,9.100500106811523,3.8459997177124023,1.1699999570846558,4.928999900817871,0.5040000081062317,15.475500106811523,1.3935000896453857,14.80350112915039,4.923000335693359,54.4995002746582,-1.4736003875732422,1.4311639070510864
23.570999145507812,10.379999876022339,238.05599212646484,261.77701568603516,202.00101470947266,1.3009999692440033,266.94600677490234,0.38100000470876694,11.003000736236572,1682.6760864257812,292.15201568603516,265.02398681640625,1670.2779846191406,0.8420000076293945,268.19000244140625,156.14400100708008,0.938000038266182,25.65099859237671,139.75600051879883,3.509999930858612,6.067000031471252,2.563999831676483,0.7799999713897705,3.2859999537467957,0.3360000029206276,10.317000150680542,0.929000049829483,9.869000673294067,3.282000184059143,36.33300018310547,-0.9234411716461182,1.0190600156784058
