Node_0,Node_1,Node_2,Node_3,Node_4,Node_5,Node_6,Node_7,Node_8,Node_9,Node_10,Node_11,Node_12,Node_13,Node_14,Node_15,Node_16,Node_17,FRI,DRI
2.996999979019165,1.3975000381469727,291.0404968261719,9.306500434875488,8.170999526977539,37.92599868774414,29.81599998474121,8.916000366210938,10.692500114440918,7.411499977111816,108.78399658203125,17.588499069213867,10.548999786376953,6.538000106811523,5.142499923706055,382.9985046386719,9.634499549865723,2.2785000801086426,-0.119471974670887,0.41581761837005615
8.991000175476074,4.192500114440918,873.1214599609375,27.91950225830078,24.512998580932617,113.77799987792969,89.447998046875,26.748001098632812,32.07749938964844,22.234500885009766,326.35198974609375,52.76549530029297,31.64699935913086,19.61400032043457,15.427499771118164,1148.9954833984375,28.903499603271484,6.835500240325928,-0.7351794838905334,0.8720084428787231
5.99400007724762,2.7950000762939453,582.0809783935547,18.613001346588135,16.341999053955078,75.85199928283691,59.631999015808105,17.832000732421875,21.384999752044678,14.823000431060791,217.5679931640625,35.17699718475342,21.097999572753906,13.076000213623047,10.28499984741211,765.9969940185547,19.268999576568604,4.557000160217285,-0.42193150520324707,0.6412740349769592
