Node_0,Node_1,Node_2,Node_3,Node_4,Node_5,Node_6,Node_7,Node_8,Node_9,Node_10,Node_11,Node_12,Node_13,Node_14,Node_15,Node_16,Node_17,Node_18,Node_19,FRI,DRI
2.8635001182556152,68.48249816894531,3.7864999771118164,1.6644999980926514,1.1514999866485596,9.415499687194824,2.8910000324249268,59.74399948120117,76.55699920654297,7335.35009765625,28.58049964904785,9.498000144958496,8.008999824523926,7299.3955078125,73.95500183105469,44.95650100708008,91.84850311279297,22.601999282836914,567.9190063476562,18.318500518798828,-4.1170148849487305,3.450221300125122
8.590499877929688,205.44749450683594,11.35949993133545,4.993499755859375,3.4544999599456787,28.246498107910156,8.67300033569336,179.23199462890625,229.67098999023438,22006.05078125,85.74150085449219,28.493999481201172,24.027000427246094,21898.1875,221.86500549316406,134.8695068359375,275.5455017089844,67.80599975585938,1703.757080078125,54.955501556396484,-12.711427688598633,9.955466270446777
5.726999998092651,136.96499633789062,7.572999954223633,3.328999876976013,2.302999973297119,18.83099889755249,5.782000184059143,119.48799705505371,153.11399459838867,14670.700439453125,57.16100025177002,18.995999813079834,16.01800012588501,14598.79150390625,147.91000366210938,89.91300392150879,183.69700241088867,45.203999519348145,1135.8380432128906,36.637001037597656,-8.414782524108887,6.698483943939209
