Node_0,Node_1,Node_2,Node_3,Node_4,Node_5,Node_6,Node_7,Node_8,Node_9,Node_10,Node_11,Node_12,Node_13,Node_14,Node_15,FRI,DRI
391.6440124511719,474.21649169921875,19.573999404907227,24.038999557495117,16.217500686645508,19.228500366210938,11.273500442504883,18.679000854492188,55.51850128173828,695.9240112304688,105.92849731445312,13.02649974822998,713.8909912109375,1005.4580078125,78.4800033569336,12.40250015258789,-0.9543956518173218,1.0468531847000122
1174.9320068359375,1422.6494140625,58.72200012207031,72.11699676513672,48.652503967285156,57.68550109863281,33.82050323486328,56.03700256347656,166.55551147460938,2087.77197265625,317.7854919433594,39.079498291015625,2141.6728515625,3016.3740234375,235.44000244140625,37.20750045776367,-3.2222845554351807,2.760272264480591
783.2880096435547,948.4329528808594,39.14799976348877,48.07799816131592,32.43500232696533,38.457000732421875,22.547001838684082,37.358001708984375,111.03700637817383,1391.8479919433594,211.85699462890625,26.052999019622803,1427.7819213867188,2010.916015625,156.96000289916992,24.80500030517578,-2.0898590087890625,1.8989818096160889
