Node_0,Node_1,Node_2,Node_3,Node_4,Node_5,FRI,DRI
3.4559998512268066,0.0,2.8424999713897705,0.0,0.7365000247955322,5.773499965667725,0.12182990461587906,0.23911838233470917
