Node_0,Node_1,Node_2,Node_3,Node_4,Node_5,Node_6,Node_7,Node_8,Node_9,Node_10,Node_11,Node_12,Node_13,Node_14,Node_15,Node_16,Node_17,FRI,DRI
2.5179998874664307,1.156499981880188,1.4800000190734863,2.502000093460083,2.5250000953674316,1.9394999742507935,16.34950065612793,12.35200023651123,1.2979999780654907,2.5315001010894775,1.80649995803833,2.9560000896453857,2.6510000228881836,1.8954999446868896,12.442999839782715,20.662500381469727,25.433000564575195,2.240999937057495,0.11823839694261551,0.24646449089050293
7.553999900817871,3.4695000648498535,4.440000057220459,7.506000518798828,7.575000286102295,5.81850004196167,49.048500061035156,37.055999755859375,3.8940000534057617,7.594500541687012,5.41949987411499,8.868000030517578,7.953000068664551,5.68649959564209,37.32899856567383,61.98750305175781,76.29900360107422,6.722999572753906,0.09225930273532867,0.2889171540737152
5.035999894142151,2.3130000233650208,2.9600000381469727,5.004000306129456,5.050000190734863,3.8790000081062317,32.69900035858154,24.703999996185303,2.596000015735626,5.063000321388245,3.61299991607666,5.912000060081482,5.302000045776367,3.7909997701644897,24.88599920272827,41.32500171661377,50.86600208282471,4.481999754905701,0.10996982455253601,0.2659696936607361
