Node_0,Node_1,Node_2,Node_3,Node_4,Node_5,Node_6,Node_7,Node_8,Node_9,Node_10,Node_11,Node_12,Node_13,FRI,DRI
20.54199981689453,53.70949935913086,0.9890000224113464,0.2770000100135803,0.21549999713897705,0.0035000001080334187,0.2800000011920929,15.765000343322754,3.2829999923706055,6.993000030517578,24.70800018310547,0.2485000044107437,0.2150000035762787,0.04149999842047691,0.11993426829576492,0.2614594101905823
61.625999450683594,161.1284942626953,2.9670000076293945,0.831000030040741,0.6464999914169312,0.010500000789761543,0.8400000333786011,47.29500198364258,9.848999977111816,20.979000091552734,74.1240005493164,0.7455000281333923,0.6449999809265137,0.12449999153614044,0.05106914043426514,0.3213968575000763
41.08399963378906,107.41899681091309,1.9780000150203705,0.5540000200271606,0.4309999942779541,0.007000000448897481,0.560000017285347,31.530001163482666,6.565999984741211,13.986000061035156,49.41600036621094,0.497000016272068,0.4299999922513962,0.08299999497830868,0.09778600931167603,0.2976517379283905
